{
  "results": [
    {
      "command": "./zig-out/bin/z-oci-bench reference-parse --iterations 10000",
      "sample_count": 12,
      "argv": [
        "./zig-out/bin/z-oci-bench",
        "reference-parse",
        "--iterations",
        "10000"
      ],
      "wall_time": {
        "mean": 338318855.0833333,
        "std_dev": 4537673.9663272705,
        "min": 332421438,
        "max": 348946786,
        "median": 338269306,
        "q1": 335156262,
        "q3": 340582376,
        "outlier_count": 1,
        "sample_count": 12,
        "unit": "nanoseconds"
      },
      "peak_rss": {
        "mean": 4584789.333333333,
        "std_dev": 94593.06810402827,
        "min": 4284416,
        "max": 4612096,
        "median": 4612096,
        "q1": 4612096,
        "q3": 4612096,
        "outlier_count": 1,
        "sample_count": 12,
        "unit": "bytes"
      },
      "cpu_cycles": {
        "mean": 178331935.83333334,
        "std_dev": 1150010.6489679152,
        "min": 176722016,
        "max": 181062270,
        "median": 178346620,
        "q1": 177515871,
        "q3": 179078438,
        "outlier_count": 0,
        "sample_count": 12,
        "unit": "count"
      },
      "instructions": {
        "mean": 201388831.25,
        "std_dev": 19.886610388079532,
        "min": 201388812,
        "max": 201388887,
        "median": 201388827,
        "q1": 201388825,
        "q3": 201388837,
        "outlier_count": 1,
        "sample_count": 12,
        "unit": "count"
      },
      "cache_references": {
        "mean": 17573430.333333332,
        "std_dev": 212171.75835857537,
        "min": 17334258,
        "max": 17976634,
        "median": 17547427,
        "q1": 17414510,
        "q3": 17721494,
        "outlier_count": 0,
        "sample_count": 12,
        "unit": "count"
      },
      "cache_misses": {
        "mean": 305246.25,
        "std_dev": 48876.17151374388,
        "min": 239295,
        "max": 416344,
        "median": 303819,
        "q1": 277516,
        "q3": 334250,
        "outlier_count": 0,
        "sample_count": 12,
        "unit": "count"
      },
      "branch_misses": {
        "mean": 855986.25,
        "std_dev": 6356.36342752106,
        "min": 845923,
        "max": 865851,
        "median": 856520,
        "q1": 852388,
        "q3": 861009,
        "outlier_count": 0,
        "sample_count": 12,
        "unit": "count"
      }
    },
    {
      "command": "./zig-out/bin/z-oci-bench digest-parse --iterations 10000",
      "sample_count": 314,
      "argv": [
        "./zig-out/bin/z-oci-bench",
        "digest-parse",
        "--iterations",
        "10000"
      ],
      "wall_time": {
        "mean": 12700479.75477707,
        "std_dev": 159299.71413637276,
        "min": 12487528,
        "max": 13741034,
        "median": 12655910,
        "q1": 12614089,
        "q3": 12745229,
        "outlier_count": 17,
        "sample_count": 314,
        "unit": "nanoseconds"
      },
      "peak_rss": {
        "mean": 4612069.910828025,
        "std_dev": 462.3013052277582,
        "min": 4603904,
        "max": 4612096,
        "median": 4612096,
        "q1": 4612096,
        "q3": 4612096,
        "outlier_count": 1,
        "sample_count": 314,
        "unit": "bytes"
      },
      "cpu_cycles": {
        "mean": 39841916.337579615,
        "std_dev": 391204.2548612025,
        "min": 39433434,
        "max": 42860296,
        "median": 39757228,
        "q1": 39685780,
        "q3": 39857813,
        "outlier_count": 28,
        "sample_count": 314,
        "unit": "count"
      },
      "instructions": {
        "mean": 74105991.61464968,
        "std_dev": 25.05370414550353,
        "min": 74105889,
        "max": 74106044,
        "median": 74105997,
        "q1": 74105996,
        "q3": 74105998,
        "outlier_count": 38,
        "sample_count": 314,
        "unit": "count"
      },
      "cache_references": {
        "mean": 646089.5382165605,
        "std_dev": 14551.262517828205,
        "min": 609154,
        "max": 705348,
        "median": 645622,
        "q1": 636685,
        "q3": 655094,
        "outlier_count": 7,
        "sample_count": 314,
        "unit": "count"
      },
      "cache_misses": {
        "mean": 30201.09872611465,
        "std_dev": 2958.5988966259993,
        "min": 26090,
        "max": 50120,
        "median": 29556,
        "q1": 28375,
        "q3": 31383,
        "outlier_count": 13,
        "sample_count": 314,
        "unit": "count"
      },
      "branch_misses": {
        "mean": 31167.9076433121,
        "std_dev": 365.97249465274245,
        "min": 30452,
        "max": 32763,
        "median": 31102,
        "q1": 30907,
        "q3": 31344,
        "outlier_count": 11,
        "sample_count": 314,
        "unit": "count"
      }
    },
    {
      "command": "./zig-out/bin/z-oci-bench manifest-parse --iterations 10000",
      "sample_count": 9,
      "argv": [
        "./zig-out/bin/z-oci-bench",
        "manifest-parse",
        "--iterations",
        "10000"
      ],
      "wall_time": {
        "mean": 477744180.1111111,
        "std_dev": 5168126.105107886,
        "min": 472275323,
        "max": 487089573,
        "median": 475134227,
        "q1": 473733750,
        "q3": 483281075,
        "outlier_count": 0,
        "sample_count": 9,
        "unit": "nanoseconds"
      },
      "peak_rss": {
        "mean": 5209656.888888889,
        "std_dev": 200332.13623158695,
        "min": 4870144,
        "max": 5451776,
        "median": 5132288,
        "q1": 5132288,
        "q3": 5451776,
        "outlier_count": 0,
        "sample_count": 9,
        "unit": "bytes"
      },
      "cpu_cycles": {
        "mean": 899588637.6666666,
        "std_dev": 4501387.309372523,
        "min": 893954479,
        "max": 906177095,
        "median": 899954151,
        "q1": 896265754,
        "q3": 904593611,
        "outlier_count": 0,
        "sample_count": 9,
        "unit": "count"
      },
      "instructions": {
        "mean": 1225416977.1111112,
        "std_dev": 92.9172272030925,
        "min": 1225416797,
        "max": 1225417129,
        "median": 1225416999,
        "q1": 1225416948,
        "q3": 1225417024,
        "outlier_count": 1,
        "sample_count": 9,
        "unit": "count"
      },
      "cache_references": {
        "mean": 83621938.44444445,
        "std_dev": 759134.3721313623,
        "min": 82608176,
        "max": 84782104,
        "median": 83685925,
        "q1": 83182492,
        "q3": 84449135,
        "outlier_count": 0,
        "sample_count": 9,
        "unit": "count"
      },
      "cache_misses": {
        "mean": 6637999.888888889,
        "std_dev": 754490.116281924,
        "min": 5638046,
        "max": 7527402,
        "median": 6814933,
        "q1": 6148053,
        "q3": 7523331,
        "outlier_count": 0,
        "sample_count": 9,
        "unit": "count"
      },
      "branch_misses": {
        "mean": 2517793.111111111,
        "std_dev": 24950.97267865746,
        "min": 2491842,
        "max": 2563987,
        "median": 2506578,
        "q1": 2503325,
        "q3": 2545960,
        "outlier_count": 0,
        "sample_count": 9,
        "unit": "count"
      }
    },
    {
      "command": "./zig-out/bin/z-oci-bench challenge-parse --iterations 10000",
      "sample_count": 64,
      "argv": [
        "./zig-out/bin/z-oci-bench",
        "challenge-parse",
        "--iterations",
        "10000"
      ],
      "wall_time": {
        "mean": 62985049.875,
        "std_dev": 1263568.6937290647,
        "min": 61925200,
        "max": 68346131,
        "median": 62604854,
        "q1": 62306942,
        "q3": 63073865,
        "outlier_count": 5,
        "sample_count": 64,
        "unit": "nanoseconds"
      },
      "peak_rss": {
        "mean": 4900864,
        "std_dev": 92471.90957086666,
        "min": 4554752,
        "max": 4927488,
        "median": 4927488,
        "q1": 4927488,